{
  "usuarios": [
    {
      "id": 1,
      "usuario": "ejemplo1",
      "nombre": "Juan Pérez",
      "correo": "juanperez@email.com",
      "fecha_registro": "2025-07-31",
      "contraseña": "password123",
      "mayor_18": true,
      "acepto_condiciones": true
    },
    {
      "id": 2,
      "usuario": "ejemplo2",
      "nombre": "Ana Gómez",
      "correo": "anagomez@email.com",
      "fecha_registro": "2025-07-30",
      "contraseña": "demo456",
      "mayor_18": true,
      "acepto_condiciones": true
    }
  ],
  "leyenda": "Para registrarte y participar en este juego, debes ser mayor de 18 años. Al crear una cuenta, declaras que eres mayor de edad y aceptas plenamente los términos y condiciones del juego. Tienes 5 minutos para aceptar, si no el registro se cancela automáticamente."
}