{
  "nombre": "aviador",
  "niveles_pagos": [
    {
      "nivel": "Básico",
      "precio": "5 USD",
      "beneficios": [
        "Acceso a funciones básicas",
        "Soporte estándar"
      ],
      "promociones": [
        "Descuento del 10% en el primer mes",
        "Acceso a webinar introductorio",
        "Premio mayor demo: gana del 199% al 10% (solo demostración, sin valor real)"
      ],
      "espacios_publicidad": [
        "Espacios limitados para anuncios de terceros",
        "Visualización ocasional de propagandas"
      ]
    },
    {
      "nivel": "Premium",
      "precio": "15 USD",
      "beneficios": [
        "Acceso a todas las funciones",
        "Soporte prioritario",
        "Actualizaciones exclusivas"
      ],
      "promociones": [
        "Prueba gratuita de 7 días",
        "Invita a un amigo y obtén un mes gratis",
        "Premio mayor demo: gana del 199% al 10% (solo demostración, sin valor real)"
      ],
      "espacios_publicidad": [
        "Mayor visibilidad para anunciantes",
        "Posibilidad de promociones destacadas"
      ]
    },
    {
      "nivel": "Elite",
      "precio": "30 USD",
      "beneficios": [
        "Funciones avanzadas",
        "Soporte VIP 24/7",
        "Acceso anticipado a nuevas herramientas",
        "Regalos promocionales"
      ],
      "promociones": [
        "Acceso exclusivo a eventos",
        "Descuento del 20% en renovaciones anuales",
        "Premio mayor demo: gana del 199% al 10% (solo demostración, sin valor real)"
      ],
      "espacios_publicidad": [
        "Espacios exclusivos para anunciantes premium",
        "Opciones personalizadas de propaganda"
      ]
    }
  ]
}